<?xml version="1.0" encoding="UTF-8"?>
<addon
  id="resource.language.pt_br"
  version="3.0.15"
  name="Portuguese (Brazil)"
  provider-name="Team Kodi">
  <requires>
    <import addon="kodi.resource" version="1.0.0"/>
  </requires>
  <extension
    point="kodi.resource.language"
    locale="pt_BR">
    <charsets>
      <gui unicodefont="true">CP1252</gui>
      <subtitle>CP1252</subtitle>
    </charsets>
  </extension>
  <extension point="kodi.addon.metadata">
    <summary lang="en">Portuguese (Brazil) language pack</summary>
    <description lang="en">Portuguese (Brazil) version of all texts used in Kodi.</description>
    <platform>all</platform>
  </extension>
</addon>
